"pack_id","pack_name","pack_round_type","question_id","question_round_type","answer_type","question_text","option_a","option_b","option_c","option_d","answer_index","answer_text","accepted_answers","explanation","audio_path","image_path","media_duration_ms","audio_clip_type"
"waxing_lyrical_text","Waxing Lyrical (Text)","general","lyric_song_titles_text__42nd_street__lullaby_of_broadway__v1","general","text","Which musical theatre song contains these lyrics?

The rumble of the subway train,
The rattle of the taxis.
The daffy-dills who entertain
At Angelo's and Maxie's.","","","","","","Lullaby of Broadway","","The correct answer is ""Lullaby of Broadway"" from 42nd Street.","","","",""
"waxing_lyrical_text","Waxing Lyrical (Text)","general","lyric_song_titles_text__42nd_street__we_re_in_the_money__v1","general","text","Name the musical theatre song from these lyrics.

Let's spend it, lend it,
Send it rolling around!","","","","","","We're in the Money","","The correct answer is ""We're in the Money"" from 42nd Street.","","","",""
"waxing_lyrical_text","Waxing Lyrical (Text)","general","lyric_song_titles_text__9_to_5__9_to_5__v1","general","text","Which show tune includes these lyrics?

They just use your mind
And they never give you credit","","","","","","9 to 5","","The correct answer is ""9 to 5"" from 9 to 5.","","","",""
"waxing_lyrical_text","Waxing Lyrical (Text)","general","lyric_song_titles_text__9_to_5__backwoods_barbie__v1","general","text","Identify the musical theatre song from this lyric extract.

Now, I've always been misunderstood because of how I look.
Don't judge me by the cover, cause I'm a real good book","","","","","","Backwoods Barbie","","The correct answer is ""Backwoods Barbie"" from 9 to 5.","","","",""
"waxing_lyrical_text","Waxing Lyrical (Text)","general","lyric_song_titles_text__a_chorus_line__at_the_ballet__v1","general","text","What is the title of the song containing these lyrics?

Life with my dad wasn't ever a picnic
More like a ""Come as you are.""","","","","","","At the Ballet","","The correct answer is ""At the Ballet"" from A Chorus Line.","","","",""
"waxing_lyrical_text","Waxing Lyrical (Text)","general","lyric_song_titles_text__a_chorus_line__dance_ten_looks_three__v1","general","text","Which musical theatre song contains these lyrics?

Didn't cost a fortune neither.
Didn't hurt my sex life either.","","","","","","Dance Ten, Looks Three","","The correct answer is ""Dance Ten, Looks Three"" from A Chorus Line.","","","",""
"waxing_lyrical_text","Waxing Lyrical (Text)","general","lyric_song_titles_text__a_chorus_line__nothing__v1","general","text","Name the musical theatre song from these lyrics.

And I dug right down to the bottom of my soul
To see what I had inside.","","","","","","Nothing","","The correct answer is ""Nothing"" from A Chorus Line.","","","",""
"waxing_lyrical_text","Waxing Lyrical (Text)","general","lyric_song_titles_text__a_chorus_line__one__v1","general","text","Which show tune includes these lyrics?

Ooh! Sigh! Give her your attention.
Do I really have to mention","","","","","","One","","The correct answer is ""One"" from A Chorus Line.","","","",""
"waxing_lyrical_text","Waxing Lyrical (Text)","general","lyric_song_titles_text__a_chorus_line__what_i_did_for_love__v1","general","text","Identify the musical theatre song from this lyric extract.

Kiss today goodbye,
The sweetness and the sorrow.","","","","","","What I Did for Love","","The correct answer is ""What I Did for Love"" from A Chorus Line.","","","",""
"waxing_lyrical_text","Waxing Lyrical (Text)","general","lyric_song_titles_text__a_funny_thing_happened_on_the_way_to_the_forum__comedy_tonight__v1","general","text","What is the title of the song containing these lyrics?

Nothing with kings, nothing with crowns;
Bring on the lovers, liars and clowns!","","","","","","Comedy Tonight","","The correct answer is ""Comedy Tonight"" from A Funny Thing Happened on the Way to the Forum.","","","",""
"waxing_lyrical_text","Waxing Lyrical (Text)","general","lyric_song_titles_text__a_funny_thing_happened_on_the_way_to_the_forum__everybody_ought_to_have_a_maid__v1","general","text","Which musical theatre song contains these lyrics?

Fluttering up the stairway,
Shuttering up the windows,
Cluttering up the bedroom,
Buttering up the master...","","","","","","Everybody Ought To Have A Maid","","The correct answer is ""Everybody Ought To Have A Maid"" from A Funny Thing Happened on the Way to the Forum.","","","",""
"waxing_lyrical_text","Waxing Lyrical (Text)","general","lyric_song_titles_text__a_little_night_music__a_weekend_in_the_country__v1","general","text","Name the musical theatre song from these lyrics.

And the shooting should be pleasant
If the weather's not too rough.
Happy birthday, it's your present.
You haven't been getting out nearly enough.","","","","","","A Weekend In The Country","","The correct answer is ""A Weekend In The Country"" from A Little Night Music.","","","",""
"waxing_lyrical_text","Waxing Lyrical (Text)","general","lyric_song_titles_text__a_little_night_music__liaisons__v1","general","text","Which show tune includes these lyrics?

At the villa of the Baron De Signac,
Where I spent a somewhat infamous year,","","","","","","Liaisons","","The correct answer is ""Liaisons"" from A Little Night Music.","","","",""
"waxing_lyrical_text","Waxing Lyrical (Text)","general","lyric_song_titles_text__a_little_night_music__you_must_meet_my_wife__v1","general","text","Identify the musical theatre song from this lyric extract.

Let me get my hat and my knife!","","","","","","You Must Meet My Wife","","The correct answer is ""You Must Meet My Wife"" from A Little Night Music.","","","",""
"waxing_lyrical_text","Waxing Lyrical (Text)","general","lyric_song_titles_text__a_little_night_music__send_in_the_clowns__v1","general","text","What is the title of the song containing these lyrics?

Just when I'd stopped opening doors,
Finally knowing the one that I wanted was yours,","","","","","","Send In The Clowns","","The correct answer is ""Send In The Clowns"" from A Little Night Music.","","","",""
"waxing_lyrical_text","Waxing Lyrical (Text)","general","lyric_song_titles_text__a_little_night_music__the_miller_s_son__v1","general","text","Which musical theatre song contains these lyrics?

It's a very short road
From the pinch and the punch
To the paunch and the pouch
And the pension.","","","","","","The Miller's Son","","The correct answer is ""The Miller's Son"" from A Little Night Music.","","","",""
"waxing_lyrical_text","Waxing Lyrical (Text)","general","lyric_song_titles_text__aladdin__a_whole_new_world__v1","general","text","Name the musical theatre song from these lyrics.

But when I'm way up here, it's crystal clear","","","","","","A Whole New World","","The correct answer is ""A Whole New World"" from Aladdin.","","","",""
"waxing_lyrical_text","Waxing Lyrical (Text)","general","lyric_song_titles_text__aladdin__friend_like_me__v1","general","text","Which show tune includes these lyrics?

Life is your restaurant
And I'm your maitre d'","","","","","","Friend Like Me","","The correct answer is ""Friend Like Me"" from Aladdin.","","","",""
"waxing_lyrical_text","Waxing Lyrical (Text)","general","lyric_song_titles_text__anastasia__journey_to_the_past__v1","general","text","Identify the musical theatre song from this lyric extract.

Heart, don't fail me now.
Courage, don't desert me.","","","","","","Journey to the Past","","The correct answer is ""Journey to the Past"" from Anastasia.","","","",""
"waxing_lyrical_text","Waxing Lyrical (Text)","general","lyric_song_titles_text__anastasia__once_upon_a_december__v1","general","text","What is the title of the song containing these lyrics?

Dancing bears,
Painted wings,
Things I almost remember,","","","","","","Once Upon a December","","The correct answer is ""Once Upon a December"" from Anastasia.","","","",""
"waxing_lyrical_text","Waxing Lyrical (Text)","general","lyric_song_titles_text__annie__it_s_the_hard_knock_life__v1","general","text","Which musical theatre song contains these lyrics?

Instead of kisses
We get kicked!","","","","","","It's the Hard Knock Life","","The correct answer is ""It's the Hard Knock Life"" from Annie.","","","",""
"waxing_lyrical_text","Waxing Lyrical (Text)","general","lyric_song_titles_text__annie__maybe__v1","general","text","Name the musical theatre song from these lyrics.

Betcha they're young
Betcha they're smart","","","","","","Maybe","","The correct answer is ""Maybe"" from Annie.","","","",""
"waxing_lyrical_text","Waxing Lyrical (Text)","general","lyric_song_titles_text__annie__nyc__v1","general","text","Which show tune includes these lyrics?

The city's bright
As a penny arcade
It blinks, it tilts, it rings","","","","","","NYC","","The correct answer is ""NYC"" from Annie.","","","",""
"waxing_lyrical_text","Waxing Lyrical (Text)","general","lyric_song_titles_text__annie__tomorrow__v1","general","text","Identify the musical theatre song from this lyric extract.

When I'm stuck with a day
That's gray, and lonely","","","","","","Tomorrow","","The correct answer is ""Tomorrow"" from Annie.","","","",""
"waxing_lyrical_text","Waxing Lyrical (Text)","general","lyric_song_titles_text__annie_get_your_gun__anything_you_can_do__v1","general","text","What is the title of the song containing these lyrics?

I can get a sparrow
With a bow and arrow.","","","","","","Anything You Can Do","","The correct answer is ""Anything You Can Do"" from Annie Get Your Gun.","","","",""
"waxing_lyrical_text","Waxing Lyrical (Text)","general","lyric_song_titles_text__annie_get_your_gun__moonshine_lullaby__v1","general","text","Which musical theatre song contains these lyrics?

Behind the hill
There's a busy little still
Where your Pappy's workin' in the moonlight","","","","","","Moonshine Lullaby","","The correct answer is ""Moonshine Lullaby"" from Annie Get Your Gun.","","","",""
"waxing_lyrical_text","Waxing Lyrical (Text)","general","lyric_song_titles_text__annie_get_your_gun__there_s_no_business_like_show_business__v1","general","text","Name the musical theatre song from these lyrics.

Traveling through the country is so thrilling
Standing out in front on opening nights","","","","","","There's No Business Like Show Business","","The correct answer is ""There's No Business Like Show Business"" from Annie Get Your Gun.","","","",""
"waxing_lyrical_text","Waxing Lyrical (Text)","general","lyric_song_titles_text__annie_get_your_gun__you_can_t_get_a_man_with_a_gun__v1","general","text","Which show tune includes these lyrics?

But a man never trifles
With gals who carry rifles","","","","","","You Can't Get a Man With a Gun","","The correct answer is ""You Can't Get a Man With a Gun"" from Annie Get Your Gun.","","","",""
"waxing_lyrical_text","Waxing Lyrical (Text)","general","lyric_song_titles_text__anything_goes__anything_goes__v1","general","text","Identify the musical theatre song from this lyric extract.

Times have changed,
And we've often rewound the clock,","","","","","","Anything Goes","","The correct answer is ""Anything Goes"" from Anything Goes.","","","",""
"waxing_lyrical_text","Waxing Lyrical (Text)","general","lyric_song_titles_text__anything_goes__blow_gabriel_blow__v1","general","text","What is the title of the song containing these lyrics?

Come on you scamps, get up you sinners!
You're all too full of expensive dinners.","","","","","","Blow, Gabriel, Blow","","The correct answer is ""Blow, Gabriel, Blow"" from Anything Goes.","","","",""
"waxing_lyrical_text","Waxing Lyrical (Text)","general","lyric_song_titles_text__anything_goes__i_get_a_kick_out_of_you__v1","general","text","Which musical theatre song contains these lyrics?

Mere alcohol doesn't thrill me at all","","","","","","I Get a Kick Out of You","","The correct answer is ""I Get a Kick Out of You"" from Anything Goes.","","","",""
"waxing_lyrical_text","Waxing Lyrical (Text)","general","lyric_song_titles_text__anything_goes__you_re_the_top__v1","general","text","Name the musical theatre song from these lyrics.

But I got a notion
I'll second the motion","","","","","","You're the Top","","The correct answer is ""You're the Top"" from Anything Goes.","","","",""
"waxing_lyrical_text","Waxing Lyrical (Text)","general","lyric_song_titles_text__assassins__another_national_anthem__v1","general","text","Which show tune includes these lyrics?

The delivery boy's on Wall Street,
And the the usherette's a rock star","","","","","","Another National Anthem","","The correct answer is ""Another National Anthem"" from Assassins.","","","",""
"waxing_lyrical_text","Waxing Lyrical (Text)","general","lyric_song_titles_text__assassins__ballad_of_czolgosz__v1","general","text","Identify the musical theatre song from this lyric extract.

In the U.S.A.
You can work your way
To the head of the line!""","","","","","","Ballad of Czolgosz","","The correct answer is ""Ballad of Czolgosz"" from Assassins.","","","",""
"waxing_lyrical_text","Waxing Lyrical (Text)","general","lyric_song_titles_text__assassins__everybody_s_got_the_right__v1","general","text","What is the title of the song containing these lyrics?

Hey, pal- feelin' blue?
Don't know what to do?","","","","","","Everybody's Got the Right","","The correct answer is ""Everybody's Got the Right"" from Assassins.","","","",""
"waxing_lyrical_text","Waxing Lyrical (Text)","general","lyric_song_titles_text__assassins__unworthy_of_your_love__v1","general","text","Which musical theatre song contains these lyrics?

I am nothing,
You are wind and devil and God","","","","","","Unworthy of Your Love","","The correct answer is ""Unworthy of Your Love"" from Assassins.","","","",""
"waxing_lyrical_text","Waxing Lyrical (Text)","general","lyric_song_titles_text__avenue_q__everyone_s_a_little_bit_racist__v1","general","text","Name the musical theatre song from these lyrics.

Look around and you will find
No one's really colour blind.","","","","","","Everyone's A Little Bit Racist","","The correct answer is ""Everyone's A Little Bit Racist"" from Avenue Q.","","","",""
"waxing_lyrical_text","Waxing Lyrical (Text)","general","lyric_song_titles_text__avenue_q__if_you_were_gay__v1","general","text","Which show tune includes these lyrics?

You can count on me
To always be
Beside you every day","","","","","","If You Were Gay","","The correct answer is ""If You Were Gay"" from Avenue Q.","","","",""
"waxing_lyrical_text","Waxing Lyrical (Text)","general","lyric_song_titles_text__avenue_q__there_s_a_fine_fine_line__v1","general","text","Identify the musical theatre song from this lyric extract.

I guess if someone doesn't love you back it isn't such a crime,","","","","","","There's a Fine, Fine Line","","The correct answer is ""There's a Fine, Fine Line"" from Avenue Q.","","","",""
"waxing_lyrical_text","Waxing Lyrical (Text)","general","lyric_song_titles_text__baby__i_want_it_all__v1","general","text","What is the title of the song containing these lyrics?

I wanna know that I can find inside me anyone I need
I wanna be Donna McKechnie, Donna Summer, Donna Reed","","","","","","I Want It All","","The correct answer is ""I Want It All"" from Baby.","","","",""
"waxing_lyrical_text","Waxing Lyrical (Text)","general","lyric_song_titles_text__baby__story_goes_on__v1","general","text","Which musical theatre song contains these lyrics?

And all these things I feel and more
My mother's mother felt and hers before","","","","","","Story Goes On","","The correct answer is ""Story Goes On"" from Baby.","","","",""
"waxing_lyrical_text","Waxing Lyrical (Text)","general","lyric_song_titles_text__baby__what_could_be_better__v1","general","text","Name the musical theatre song from these lyrics.

Your sense of mission, my sense of duty
Your disposition my inner beauty","","","","","","What Could Be Better","","The correct answer is ""What Could Be Better"" from Baby.","","","",""
"waxing_lyrical_text","Waxing Lyrical (Text)","general","lyric_song_titles_text__ballad_lines__prologue__v1","general","text","Which show tune includes these lyrics?

Oh women of earth, wind and flame
Born under changin' skies","","","","","","Prologue","","The correct answer is ""Prologue"" from Ballad Lines.","","","",""
"waxing_lyrical_text","Waxing Lyrical (Text)","general","lyric_song_titles_text__ballad_lines__secondhand_shame__v1","general","text","Identify the musical theatre song from this lyric extract.

I've moved on
This is the happiest home
Of all the homes I can remember","","","","","","Secondhand Shame","","The correct answer is ""Secondhand Shame"" from Ballad Lines.","","","",""
"waxing_lyrical_text","Waxing Lyrical (Text)","general","lyric_song_titles_text__barnum__come_follow_the_band__v1","general","text","What is the title of the song containing these lyrics?

Up out of your seat
Down off of the stand
Step out to the sweet beat the bugle plays","","","","","","Come Follow The Band","","The correct answer is ""Come Follow The Band"" from Barnum.","","","",""
"waxing_lyrical_text","Waxing Lyrical (Text)","general","lyric_song_titles_text__barnum__the_colors_of_my_life__v1","general","text","Which musical theatre song contains these lyrics?

No quiet browns and grays,
I'll take my days instead
And fill them till they overflow
With rose and cherry red!","","","","","","The Colors Of My Life","","The correct answer is ""The Colors Of My Life"" from Barnum.","","","",""
"waxing_lyrical_text","Waxing Lyrical (Text)","general","lyric_song_titles_text__be_more_chill__i_love_play_rehearsal__v1","general","text","Name the musical theatre song from these lyrics.

I have mad, gigantic feelings,
Red and frantic feelings,
About most everything","","","","","","I Love Play Rehearsal","","The correct answer is ""I Love Play Rehearsal"" from Be More Chill.","","","",""
"waxing_lyrical_text","Waxing Lyrical (Text)","general","lyric_song_titles_text__be_more_chill__michael_in_the_bathroom__v1","general","text","Which show tune includes these lyrics?

But I'd rather fake pee than stand awkwardly
Or pretend to check a text on my phone","","","","","","Michael in the Bathroom","","The correct answer is ""Michael in the Bathroom"" from Be More Chill.","","","",""
"waxing_lyrical_text","Waxing Lyrical (Text)","general","lyric_song_titles_text__beauty_and_the_beast__be_our_guest__v1","general","text","Identify the musical theatre song from this lyric extract.

They can sing, they can dance
After all, Miss, this is France","","","","","","Be Our Guest","","The correct answer is ""Be Our Guest"" from Beauty and the Beast.","","","",""
"waxing_lyrical_text","Waxing Lyrical (Text)","general","lyric_song_titles_text__beauty_and_the_beast__beauty_and_the_beast__v1","general","text","What is the title of the song containing these lyrics?

Certain as the sun
Rising in the east","","","","","","Beauty and the Beast","","The correct answer is ""Beauty and the Beast"" from Beauty and the Beast.","","","",""
"waxing_lyrical_text","Waxing Lyrical (Text)","general","lyric_song_titles_text__billy_elliot__electricity__v1","general","text","Which musical theatre song contains these lyrics?

It's like that there's a music, playing in your ear
And I'm listening, and I'm listening, and then I disappear","","","","","","Electricity","","The correct answer is ""Electricity"" from Billy Elliot.","","","",""
"waxing_lyrical_text","Waxing Lyrical (Text)","general","lyric_song_titles_text__billy_elliot__expressing_yourself__v1","general","text","Name the musical theatre song from these lyrics.

What is wrong with dressing up in satin and lace?
Get some earrings, some mascara, heels and a fan.","","","","","","Expressing Yourself","","The correct answer is ""Expressing Yourself"" from Billy Elliot.","","","",""
"waxing_lyrical_text","Waxing Lyrical (Text)","general","lyric_song_titles_text__billy_elliot__letter__v1","general","text","Which show tune includes these lyrics?

Missed your stamping and your shouting
I have missed telling you off","","","","","","Letter","","The correct answer is ""Letter"" from Billy Elliot.","","","",""
"waxing_lyrical_text","Waxing Lyrical (Text)","general","lyric_song_titles_text__blood_brothers__bright_new_day__v1","general","text","Identify the musical theatre song from this lyric extract.

Where we can begin again,
Feel we can win and then
Live just like livin' should be.","","","","","","Bright New Day","","The correct answer is ""Bright New Day"" from Blood Brothers.","","","",""
"waxing_lyrical_text","Waxing Lyrical (Text)","general","lyric_song_titles_text__blood_brothers__easy_terms__v1","general","text","What is the title of the song containing these lyrics?

Living on the never never,
Constant as the changing weather","","","","","","Easy Terms","","The correct answer is ""Easy Terms"" from Blood Brothers.","","","",""
"waxing_lyrical_text","Waxing Lyrical (Text)","general","lyric_song_titles_text__blood_brothers__i_m_not_saying_a_word__v1","general","text","Which musical theatre song contains these lyrics?

I'd take a page in all the papers
I'd announce it in the news
If it was the guy, if I was in his shoes","","","","","","I'm Not Saying a Word","","The correct answer is ""I'm Not Saying a Word"" from Blood Brothers.","","","",""
"waxing_lyrical_text","Waxing Lyrical (Text)","general","lyric_song_titles_text__blood_brothers__marilyn_monroe__v1","general","text","Name the musical theatre song from these lyrics.

By the time I was twenty-five
I looked like forty-two
With seven hungry mouths to feed
And one more nearly due","","","","","","Marilyn Monroe","","The correct answer is ""Marilyn Monroe"" from Blood Brothers.","","","",""
"waxing_lyrical_text","Waxing Lyrical (Text)","general","lyric_song_titles_text__blood_brothers__tell_me_it_s_not_true__v1","general","text","Which show tune includes these lyrics?

Say it's just two clowns,
Who couldn't get their lines right","","","","","","Tell Me It's Not True","","The correct answer is ""Tell Me It's Not True"" from Blood Brothers.","","","",""
"waxing_lyrical_text","Waxing Lyrical (Text)","general","lyric_song_titles_text__cabaret__cabaret__v1","general","text","Identify the musical theatre song from this lyric extract.

Put down the knitting, the book and the broom
It's time for a holiday","","","","","","Cabaret","","The correct answer is ""Cabaret"" from Cabaret.","","","",""
"waxing_lyrical_text","Waxing Lyrical (Text)","general","lyric_song_titles_text__cabaret__maybe_this_time__v1","general","text","What is the title of the song containing these lyrics?

He will hold me fast
I'll be home at last","","","","","","Maybe this Time","","The correct answer is ""Maybe this Time"" from Cabaret.","","","",""
"waxing_lyrical_text","Waxing Lyrical (Text)","general","lyric_song_titles_text__camelot__if_ever_i_would_leave_you__v1","general","text","Which musical theatre song contains these lyrics?

I've seen how you sparkle
When fall nips the air.
I know you in autumn
And I must be there.","","","","","","If Ever I Would Leave You","","The correct answer is ""If Ever I Would Leave You"" from Camelot.","","","",""
"waxing_lyrical_text","Waxing Lyrical (Text)","general","lyric_song_titles_text__candide__glitter_and_be_gay__v1","general","text","Name the musical theatre song from these lyrics.

Pearls and ruby rings...
Ah, how can worldly things
Take the place of honour lost?","","","","","","Glitter And Be Gay","","The correct answer is ""Glitter And Be Gay"" from Candide.","","","",""
"waxing_lyrical_text","Waxing Lyrical (Text)","general","lyric_song_titles_text__carousel__if_i_loved_you__v1","general","text","Which show tune includes these lyrics?

Words wouldn't come in an easy way
Round in circles I'd go!","","","","","","If I Loved You","","The correct answer is ""If I Loved You"" from Carousel.","","","",""
"waxing_lyrical_text","Waxing Lyrical (Text)","general","lyric_song_titles_text__carousel__june_is_bustin_out_all_over__v1","general","text","Identify the musical theatre song from this lyric extract.

March went out like a lion
A-whippin' up the water in the bay
Then April cried and stepped aside,
And along come pretty little May!","","","","","","June Is Bustin' Out All Over","","The correct answer is ""June Is Bustin' Out All Over"" from Carousel.","","","",""
"waxing_lyrical_text","Waxing Lyrical (Text)","general","lyric_song_titles_text__carousel__you_ll_never_walk_alone__v1","general","text","What is the title of the song containing these lyrics?

At the end of the storm
Is a golden sky","","","","","","You'll Never Walk Alone","","The correct answer is ""You'll Never Walk Alone"" from Carousel.","","","",""
"waxing_lyrical_text","Waxing Lyrical (Text)","general","lyric_song_titles_text__cats__bustopher_jones__v1","general","text","Which musical theatre song contains these lyrics?

He's the cat we all greet as he walks down the street
In his coat of fastidious black","","","","","","Bustopher Jones","","The correct answer is ""Bustopher Jones"" from Cats.","","","",""
"waxing_lyrical_text","Waxing Lyrical (Text)","general","lyric_song_titles_text__cats__macavity_the_mystery_cat__v1","general","text","Name the musical theatre song from these lyrics.

He's broken every human law
He breaks the law of gravity","","","","","","Macavity The Mystery Cat","","The correct answer is ""Macavity The Mystery Cat"" from Cats.","","","",""
"waxing_lyrical_text","Waxing Lyrical (Text)","general","lyric_song_titles_text__cats__memory__v1","general","text","Which show tune includes these lyrics?

Burnt out ends of smoky days
The stale, cold smell of morning","","","","","","Memory","","The correct answer is ""Memory"" from Cats.","","","",""
"waxing_lyrical_text","Waxing Lyrical (Text)","general","lyric_song_titles_text__cats__mr_mistoffelees__v1","general","text","Identify the musical theatre song from this lyric extract.

He can pick any card from a pack
He is equally cunning with dice","","","","","","Mr. Mistoffelees","","The correct answer is ""Mr. Mistoffelees"" from Cats.","","","",""
"waxing_lyrical_text","Waxing Lyrical (Text)","general","lyric_song_titles_text__chess__anthem__v1","general","text","What is the title of the song containing these lyrics?

And you ask me why I love her
Through wars, death and despair","","","","","","Anthem","","The correct answer is ""Anthem"" from Chess.","","","",""
"waxing_lyrical_text","Waxing Lyrical (Text)","general","lyric_song_titles_text__chess__i_know_him_so_well__v1","general","text","Which musical theatre song contains these lyrics?

Wanting far too much for far too long.
Looking back I could have played it differently","","","","","","I Know Him So Well","","The correct answer is ""I Know Him So Well"" from Chess.","","","",""
"waxing_lyrical_text","Waxing Lyrical (Text)","general","lyric_song_titles_text__chess__nobody_s_side__v1","general","text","Name the musical theatre song from these lyrics.

Everybody's playing the game
But nobody's rules are the same","","","","","","Nobody's Side","","The correct answer is ""Nobody's Side"" from Chess.","","","",""
"waxing_lyrical_text","Waxing Lyrical (Text)","general","lyric_song_titles_text__chess__one_night_in_bangkok__v1","general","text","Which show tune includes these lyrics?

You'll find a god in every golden cloister
And if you're lucky then the god's a she
I can feel an angel sliding up to me","","","","","","One Night in Bangkok","","The correct answer is ""One Night in Bangkok"" from Chess.","","","",""
"waxing_lyrical_text","Waxing Lyrical (Text)","general","lyric_song_titles_text__chicago__all_that_jazz__v1","general","text","Identify the musical theatre song from this lyric extract.

It's just a noisy hall
Where there's a nightly brawl","","","","","","All That Jazz","","The correct answer is ""All That Jazz"" from Chicago.","","","",""
"waxing_lyrical_text","Waxing Lyrical (Text)","general","lyric_song_titles_text__chicago__cell_block_tango__v1","general","text","What is the title of the song containing these lyrics?

Pop! Six! Squish! Uh uh! Cicero, Lipschitz!","","","","","","Cell Block Tango","","The correct answer is ""Cell Block Tango"" from Chicago.","","","",""
"waxing_lyrical_text","Waxing Lyrical (Text)","general","lyric_song_titles_text__chicago__cell_block_tango__v2","general","text","Which musical theatre song contains these lyrics?

If you'd have been there, if you'd have heard it
I betcha you would have done the same","","","","","","Cell Block Tango","","The correct answer is ""Cell Block Tango"" from Chicago.","","","",""
"waxing_lyrical_text","Waxing Lyrical (Text)","general","lyric_song_titles_text__chicago__class__v1","general","text","Name the musical theatre song from these lyrics.

Whatever happened to fair dealing?
And pure ethics?
And nice manners?","","","","","","Class","","The correct answer is ""Class"" from Chicago.","","","",""
"waxing_lyrical_text","Waxing Lyrical (Text)","general","lyric_song_titles_text__chicago__mr_cellophane__v1","general","text","Which show tune includes these lyrics?

If someone in the movie show
Yelled ""Fire in the second row","","","","","","Mr. Cellophane","","The correct answer is ""Mr. Cellophane"" from Chicago.","","","",""
"waxing_lyrical_text","Waxing Lyrical (Text)","general","lyric_song_titles_text__chicago__razzle_dazzle__v1","general","text","Identify the musical theatre song from this lyric extract.

What if your hinges all are rusting?
What if, in fact, you're just disgusting ?","","","","","","Razzle Dazzle","","The correct answer is ""Razzle Dazzle"" from Chicago.","","","",""
"waxing_lyrical_text","Waxing Lyrical (Text)","general","lyric_song_titles_text__chicago__we_both_reached_for_the_gun__v1","general","text","What is the title of the song containing these lyrics?

Though my choo-choo jumped my track
I'd give my life to bring him back","","","","","","We Both Reached for the Gun","","The correct answer is ""We Both Reached for the Gun"" from Chicago.","","","",""
"waxing_lyrical_text","Waxing Lyrical (Text)","general","lyric_song_titles_text__chicago__when_you_re_good_to_mama__v1","general","text","Which musical theatre song contains these lyrics?

They say that life is tit for tat
And that's the way I live","","","","","","When You're Good to Mama","","The correct answer is ""When You're Good to Mama"" from Chicago.","","","",""
"waxing_lyrical_text","Waxing Lyrical (Text)","general","lyric_song_titles_text__closer_than_ever__the_bear_the_tiger_the_hamster_and_the_mole__v1","general","text","Name the musical theatre song from these lyrics.

The bitch, the vixen, the queen bee, and the shrew
What men have done to those fine words, we never can undo","","","","","","The Bear, the Tiger, the Hamster and the Mole","","The correct answer is ""The Bear, the Tiger, the Hamster and the Mole"" from Closer Than Ever.","","","",""
"waxing_lyrical_text","Waxing Lyrical (Text)","general","lyric_song_titles_text__closer_than_ever__life_story__v1","general","text","Which show tune includes these lyrics?

So now my son's half way through college
I pay tuition like a fine","","","","","","Life Story","","The correct answer is ""Life Story"" from Closer Than Ever.","","","",""
"waxing_lyrical_text","Waxing Lyrical (Text)","general","lyric_song_titles_text__closer_than_ever__miss_byrd__v1","general","text","Identify the musical theatre song from this lyric extract.

At work I'm hardly seen
I come and go
But I know something that people don't know","","","","","","Miss Byrd","","The correct answer is ""Miss Byrd"" from Closer Than Ever.","","","",""
"waxing_lyrical_text","Waxing Lyrical (Text)","general","lyric_song_titles_text__come_from_away__welcome_to_the_rock__v1","general","text","What is the title of the song containing these lyrics?

Welcome to the fog, welcome to the trees,
to the ocean and the sky, and whatever's in between.","","","","","","Welcome to the Rock","","The correct answer is ""Welcome to the Rock"" from Come From Away.","","","",""
"waxing_lyrical_text","Waxing Lyrical (Text)","general","lyric_song_titles_text__company__another_hundred_people__v1","general","text","Which musical theatre song contains these lyrics?

It's a city of strangers,
Some come to work, some to play.","","","","","","Another Hundred People","","The correct answer is ""Another Hundred People"" from Company.","","","",""
"waxing_lyrical_text","Waxing Lyrical (Text)","general","lyric_song_titles_text__company__another_hundred_people__v2","general","text","Name the musical theatre song from these lyrics.

Did you get my message? 'Cause I looked in vain.
Can we see each other Tuesday if it doesn't rain?","","","","","","Another Hundred People","","The correct answer is ""Another Hundred People"" from Company.","","","",""
"waxing_lyrical_text","Waxing Lyrical (Text)","general","lyric_song_titles_text__company__being_alive__v1","general","text","Which show tune includes these lyrics?

Someone you have to let in,
Someone whose feelings you spare","","","","","","Being Alive","","The correct answer is ""Being Alive"" from Company.","","","",""
"waxing_lyrical_text","Waxing Lyrical (Text)","general","lyric_song_titles_text__company__being_alive__v2","general","text","Identify the musical theatre song from this lyric extract.

I'll always be there,
As frightened as you,
To help us survive","","","","","","Being Alive","","The correct answer is ""Being Alive"" from Company.","","","",""
"waxing_lyrical_text","Waxing Lyrical (Text)","general","lyric_song_titles_text__company__getting_married_today__v1","general","text","What is the title of the song containing these lyrics?

But I thank you all
For the gifts and the flowers","","","","","","Getting Married Today","","The correct answer is ""Getting Married Today"" from Company.","","","",""
"waxing_lyrical_text","Waxing Lyrical (Text)","general","lyric_song_titles_text__company__getting_married_today__v2","general","text","Which musical theatre song contains these lyrics?

The heart sinks down and feels dead
This dreadful day.","","","","","","Getting Married Today","","The correct answer is ""Getting Married Today"" from Company.","","","",""
"waxing_lyrical_text","Waxing Lyrical (Text)","general","lyric_song_titles_text__company__ladies_who_lunch__v1","general","text","Name the musical theatre song from these lyrics.

Does anyone still wear a hat?","","","","","","Ladies Who Lunch","","The correct answer is ""Ladies Who Lunch"" from Company.","","","",""
"waxing_lyrical_text","Waxing Lyrical (Text)","general","lyric_song_titles_text__company__ladies_who_lunch__v2","general","text","Which show tune includes these lyrics?

Look into their eyes,
And you'll see what they know:
Everybody dies.","","","","","","Ladies Who Lunch","","The correct answer is ""Ladies Who Lunch"" from Company.","","","",""
"waxing_lyrical_text","Waxing Lyrical (Text)","general","lyric_song_titles_text__company__marry_me_a_little__v1","general","text","Identify the musical theatre song from this lyric extract.

Keep a tender distance
So we'll both be free","","","","","","Marry Me a Little","","The correct answer is ""Marry Me a Little"" from Company.","","","",""
"waxing_lyrical_text","Waxing Lyrical (Text)","general","lyric_song_titles_text__company__sorry_grateful__v1","general","text","What is the title of the song containing these lyrics?

Everything's different, nothing's changed.
Only maybe slightly rearranged.","","","","","","Sorry-Grateful","","The correct answer is ""Sorry-Grateful"" from Company.","","","",""
